url,label
https://www.google.com,legitimate
https://www.facebook.com,legitimate
https://www.amazon.com,legitimate
https://www.wikipedia.org,legitimate
https://www.github.com,legitimate
http://192.168.1.1/login.php,phishing
http://secure-paypal-verify.tk/account,phishing
http://bit.ly/free-iphone-win,phishing
http://www.g00gle.com/signin,phishing
https://amaz0n-security-alert.xyz/update,phishing
https://www.microsoft.com,legitimate
https://www.apple.com,legitimate
https://www.linkedin.com,legitimate
https://www.twitter.com,legitimate
https://www.reddit.com,legitimate
http://bank-verify-account.ml/login,phishing
http://paypal-security@phishing.com/verify,phishing
https://free-netflix-premium.tk/signup,phishing
http://192.168.0.100/admin/login,phishing
http://tinyurl.com/suspicious-link,phishing
https://www.youtube.com,legitimate
https://www.instagram.com,legitimate
https://www.netflix.com,legitimate
https://www.stackoverflow.com,legitimate
https://www.medium.com,legitimate
http://secure-login-verify.ga/account/update,phishing
http://www.faceb00k.com/login,phishing
https://amazon-prize-winner.top/claim,phishing
http://paypal.secure-login.cf/verify,phishing
http://apple-id-locked.gq/unlock,phishing
